Time,Open,High,Low,Close,Volume
2024-01-01T00:00:00+00:00,100.400000,101.400000,99.000000,100.000000,1000
2024-01-02T00:00:00+00:00,100.216121,111.554278,99.216121,110.554278,1050
2024-01-03T00:00:00+00:00,110.387819,116.827216,109.387819,115.827216,1100
2024-01-04T00:00:00+00:00,115.431219,116.431219,114.070591,115.070591,1150
2024-01-05T00:00:00+00:00,114.809134,115.809134,110.895154,111.895154,1200
2024-01-06T00:00:00+00:00,112.008619,113.008619,108.777010,109.777010,1250
2024-01-07T00:00:00+00:00,110.161078,111.161078,107.264244,108.264244,1300
2024-01-08T00:00:00+00:00,108.565804,109.565804,103.028157,104.028157,1000
2024-01-09T00:00:00+00:00,103.969957,104.969957,94.499342,95.499342,1050
2024-01-10T00:00:00+00:00,95.134890,96.134890,84.823452,85.823452,1100
2024-01-11T00:00:00+00:00,85.487824,86.487824,79.659557,80.659557,1150
2024-01-12T00:00:00+00:00,80.661328,83.980961,79.661328,82.980961,1200
2024-01-13T00:00:00+00:00,83.318503,91.364062,82.318503,90.364062,1250
2024-01-14T00:00:00+00:00,90.727041,98.620864,89.727041,97.620864,1300
2024-01-15T00:00:00+00:00,97.675558,102.901496,96.675558,101.901496,1000
2024-01-16T00:00:00+00:00,101.597621,105.803564,100.597621,104.803564,1050
2024-01-17T00:00:00+00:00,104.420500,110.383308,103.420500,109.383308,1100
2024-01-18T00:00:00+00:00,109.273242,116.582288,108.273242,115.582288,1150
2024-01-19T00:00:00+00:00,115.846415,120.312932,114.846415,119.312932,1200
2024-01-20T00:00:00+00:00,119.708414,120.708414,115.397049,116.397049,1250
2024-01-21T00:00:00+00:00,116.560281,117.560281,106.158491,107.158491,1300
2024-01-22T00:00:00+00:00,106.939399,107.939399,95.645741,96.645741,1000
2024-01-23T00:00:00+00:00,96.245756,97.245756,89.126403,90.126403,1050
2024-01-24T00:00:00+00:00,89.913270,90.913270,87.575850,88.575850,1100
2024-01-25T00:00:00+00:00,88.745522,89.842161,87.745522,88.842161,1150
2024-01-26T00:00:00+00:00,89.238642,90.238642,87.062032,88.062032,1200
2024-01-27T00:00:00+00:00,88.320800,89.320800,86.308503,87.308503,1250
2024-01-28T00:00:00+00:00,87.191647,91.380951,86.191647,90.380951,1300
2024-01-29T00:00:00+00:00,89.995908,100.067109,88.995908,99.067109,1000
2024-01-30T00:00:00+00:00,98.767886,111.171480,97.767886,110.171480,1050
2024-01-31T00:00:00+00:00,110.233180,118.760198,109.233180,117.760198,1100
2024-02-01T00:00:00+00:00,118.126095,119.417461,117.126095,118.417461,1150
2024-02-02T00:00:00+00:00,118.751150,119.751150,113.013791,114.013791,1200
2024-02-03T00:00:00+00:00,114.008480,115.008480,108.153001,109.153001,1250
2024-02-04T00:00:00+00:00,108.813573,109.813573,105.189163,106.189163,1300
2024-02-05T00:00:00+00:00,105.827686,106.827686,102.249509,103.249509,1000
2024-02-06T00:00:00+00:00,103.198323,104.198323,96.305299,97.305299,1050
2024-02-07T00:00:00+00:00,97.611464,98.611464,87.730840,88.730840,1100
2024-02-08T00:00:00+00:00,89.112870,90.112870,81.119811,82.119811,1150
2024-02-09T00:00:00+00:00,82.226468,83.226468,81.222818,82.222818,1200
2024-02-10T00:00:00+00:00,81.956043,90.255012,80.956043,89.255012,1250
2024-02-11T00:00:00+00:00,88.860076,99.602240,87.860076,98.602240,1300
2024-02-12T00:00:00+00:00,98.442246,106.258571,97.442246,105.258571,1000
2024-02-13T00:00:00+00:00,105.480617,109.266238,104.480617,108.266238,1050
2024-02-14T00:00:00+00:00,108.666176,111.511206,107.666176,110.511206,1100
2024-02-15T00:00:00+00:00,110.721335,115.346862,109.721335,114.346862,1150
2024-02-16T00:00:00+00:00,114.173991,119.071698,113.173991,118.071698,1200
2024-02-17T00:00:00+00:00,117.674763,118.674763,116.299462,117.299462,1250
2024-02-18T00:00:00+00:00,117.043404,118.043404,108.821878,109.821878,1300
2024-02-19T00:00:00+00:00,109.942115,110.942115,97.636102,98.636102,1000
2024-02-20T00:00:00+00:00,99.022089,100.022089,88.706187,89.706187,1050
2024-02-21T00:00:00+00:00,90.003049,91.003049,85.698421,86.698421,1100
2024-02-22T00:00:00+00:00,86.633225,89.194337,85.633225,88.194337,1150
2024-02-23T00:00:00+00:00,87.827024,91.184219,86.827024,90.184219,1200
2024-02-24T00:00:00+00:00,89.852495,91.928350,88.852495,90.928350,1250
2024-02-25T00:00:00+00:00,90.937200,93.778134,89.937200,92.778134,1300
2024-02-26T00:00:00+00:00,93.119422,99.982903,92.119422,98.982903,1000
2024-02-27T00:00:00+00:00,99.342850,110.096105,98.342850,109.096105,1050
2024-02-28T00:00:00+00:00,109.143777,119.208675,108.143777,118.208675,1100
2024-02-29T00:00:00+00:00,117.900243,122.097179,116.900243,121.097179,1150
2024-03-01T00:00:00+00:00,120.716213,121.716213,115.995810,116.995810,1200
2024-03-02T00:00:00+00:00,116.892570,117.892570,108.963783,109.963783,1250
2024-03-03T00:00:00+00:00,110.233186,111.233186,103.540098,104.540098,1300
2024-03-04T00:00:00+00:00,104.934457,105.934457,100.416132,101.416132,1000
2024-03-05T00:00:00+00:00,101.572875,102.572875,96.729078,97.729078,1050
2024-03-06T00:00:00+00:00,97.504096,98.504096,90.446694,91.446694,1100
2024-03-07T00:00:00+00:00,91.046835,92.046835,83.801561,84.801561,1150
2024-03-08T00:00:00+00:00,84.594454,85.594454,81.780255,82.780255,1200
2024-03-09T00:00:00+00:00,82.956312,89.133526,81.956312,88.133526,1250
2024-03-10T00:00:00+00:00,88.530882,99.268900,87.530882,98.268900,1300
2024-03-11T00:00:00+00:00,98.522228,108.441672,97.522228,107.441672,1000
2024-03-12T00:00:00+00:00,107.318063,112.977793,106.318063,111.977793,1050
2024-03-13T00:00:00+00:00,111.590893,114.031104,110.590893,113.031104,1100
2024-03-14T00:00:00+00:00,112.736627,115.112209,111.736627,114.112209,1150
2024-03-15T00:00:00+00:00,114.180896,117.330422,113.180896,116.330422,1200
2024-03-16T00:00:00+00:00,116.699122,117.731926,115.699122,116.731926,1250
2024-03-17T00:00:00+00:00,117.061659,118.061659,110.639728,111.639728,1300
2024-03-18T00:00:00+00:00,111.627338,112.627338,100.323182,101.323182,1000
2024-03-19T00:00:00+00:00,100.980061,101.980061,89.764518,90.764518,1050
2024-03-20T00:00:00+00:00,90.406130,91.406130,84.473477,85.473477,1100
2024-03-21T00:00:00+00:00,85.429322,87.673132,84.429322,86.673132,1150
2024-03-22T00:00:00+00:00,86.983806,91.877554,85.983806,90.877554,1200
2024-03-23T00:00:00+00:00,91.257425,95.140839,90.257425,94.140839,1250
2024-03-24T00:00:00+00:00,94.240655,97.246578,93.240655,96.246578,1300
2024-03-25T00:00:00+00:00,95.974569,101.283935,94.974569,100.283935,1000
2024-03-26T00:00:00+00:00,99.890184,109.205057,98.890184,108.205057,1050
2024-03-27T00:00:00+00:00,108.051578,118.431139,107.051578,117.431139,1100
2024-03-28T00:00:00+00:00,117.659039,123.467026,116.659039,122.467026,1150
2024-03-29T00:00:00+00:00,122.866776,123.866776,118.999559,119.999559,1200
2024-03-30T00:00:00+00:00,120.203629,121.203629,111.088683,112.088683,1250
2024-03-31T00:00:00+00:00,111.909454,112.909454,103.049591,104.049591,1300
2024-04-01T00:00:00+00:00,103.651845,104.651845,98.313761,99.313761,1000
2024-04-02T00:00:00+00:00,99.063183,100.063183,95.751491,96.751491,1050
2024-04-03T00:00:00+00:00,96.878462,97.878462,92.168349,93.168349,1100
2024-04-04T00:00:00+00:00,93.556133,94.556133,86.996138,87.996138,1150
2024-04-05T00:00:00+00:00,88.288208,89.288208,83.813123,84.813123,1200
2024-04-06T00:00:00+00:00,84.740950,88.853138,83.740950,87.853138,1250
2024-04-07T00:00:00+00:00,87.483079,98.234944,86.483079,97.234944,1300
2024-04-08T00:00:00+00:00,96.907229,109.153867,95.907229,108.153867,1000
2024-04-09T00:00:00+00:00,108.169795,116.054212,107.169795,115.054212,1050
2024-04-10T00:00:00+00:00,115.399140,117.437486,114.399140,116.437486,1100
2024-04-11T00:00:00+00:00,116.794288,117.794288,114.303437,115.303437,1150
2024-04-12T00:00:00+00:00,115.344071,116.344071,113.980192,114.980192,1200
2024-04-13T00:00:00+00:00,114.667300,116.077880,113.667300,115.077880,1250
2024-04-14T00:00:00+00:00,114.699133,115.699133,111.069174,112.069174,1300
2024-04-15T00:00:00+00:00,111.972791,112.972791,102.831565,103.831565,1000
2024-04-16T00:00:00+00:00,104.106160,105.106160,92.050633,93.050633,1050
2024-04-17T00:00:00+00:00,93.443745,94.443745,84.549415,85.549415,1100
2024-04-18T00:00:00+00:00,85.699619,86.699619,84.117832,85.117832,1150
2024-04-19T00:00:00+00:00,84.887031,91.255115,83.887031,90.255115,1200
2024-04-20T00:00:00+00:00,89.855506,97.209102,88.855506,96.209102,1250
2024-04-21T00:00:00+00:00,96.008084,101.004355,95.008084,100.004355,1300
2024-04-22T00:00:00+00:00,100.186743,103.997203,99.186743,102.997203,1000
2024-04-23T00:00:00+00:00,103.395309,109.304220,102.395309,108.304220,1050
2024-04-24T00:00:00+00:00,108.552028,117.131214,107.552028,116.131214,1100
2024-04-25T00:00:00+00:00,116.000890,123.359142,115.000890,122.359142,1150
2024-04-26T00:00:00+00:00,121.970505,123.169056,120.970505,122.169056,1200
2024-04-27T00:00:00+00:00,121.879417,122.879417,113.919192,114.919192,1250
2024-04-28T00:00:00+00:00,114.994844,115.994844,104.021965,105.021965,1300
2024-04-29T00:00:00+00:00,105.393353,106.393353,96.827490,97.827490,1000
2024-04-30T00:00:00+00:00,98.153163,99.153163,93.871710,94.871710,1050
2024-05-01T00:00:00+00:00,94.852244,95.852244,92.464019,93.464019,1100
2024-05-02T00:00:00+00:00,93.117312,94.117312,89.812954,90.812954,1150
2024-05-03T00:00:00+00:00,90.457767,91.457767,86.945343,87.945343,1200
2024-05-04T00:00:00+00:00,87.908232,89.963087,86.908232,88.963087,1250
2024-05-05T00:00:00+00:00,89.278173,97.374337,88.278173,96.374337,1300
2024-05-06T00:00:00+00:00,96.751931,108.638260,95.751931,107.638260,1000
2024-05-07T00:00:00+00:00,107.731204,117.841531,106.731204,116.841531,1050
